first_name ,last_name,phone_number,email,birth_date,gender_id,role_id
Andrew     ,Scott    ,+70000000000,     ,2013-07-15,3        ,
Steven     ,Shaw     ,+70000000000,     ,2013-07-15,3        ,
Joseph     ,Sanchez  ,+70000000000,     ,2013-07-15,         ,
Claudia    ,Harrison ,+70000000000,     ,2013-07-15,2        ,2
Matthew    ,Riley    ,+70000000000,     ,2013-07-15,         ,
Daniel     ,Lucas    ,+70000000000,     ,2013-07-15,         ,
Dwight     ,Ward     ,+70000000000,     ,2013-07-15,         ,
Christopher,Shelton  ,+70000000000,     ,2013-07-15,         ,2
John       ,Moore    ,+70000000000,     ,2013-07-15,         ,
Margaret   ,White    ,+70000000000,     ,2013-07-15,         ,2
Donald     ,Jones    ,+70000000000,     ,2013-07-15,         ,
Brenda     ,Walsh    ,+70000000000,     ,2013-07-15,         ,
Gregory    ,Olson    ,+70000000000,     ,2013-07-15,         ,
Steven     ,Bishop   ,+70000000000,     ,2013-07-15,         ,2
Jason      ,Davis    ,+70000000000,     ,2013-07-15,         ,